{
	"ImportPath": "k8s.io/client-go",
	"GoVersion": "go1.10",
	"GodepVersion": "v80",
	"Packages": [
		"./..."
	],
	"Deps": [
		{
			"ImportPath": "cloud.google.com/go/compute/metadata",
			"Rev": "3b1ae45394a234c385be014e9a488f2bb6eef821"
		},
		{
			"ImportPath": "cloud.google.com/go/internal",
			"Rev": "3b1ae45394a234c385be014e9a488f2bb6eef821"
		},
		{
			"ImportPath": "github.com/Azure/go-autorest/autorest",
			"Rev": "1ff28809256a84bb6966640ff3d0371af82ccba4"
		},
		{
			"ImportPath": "github.com/Azure/go-autorest/autorest/adal",
			"Rev": "1ff28809256a84bb6966640ff3d0371af82ccba4"
		},
		{
			"ImportPath": "github.com/Azure/go-autorest/autorest/azure",
			"Rev": "1ff28809256a84bb6966640ff3d0371af82ccba4"
		},
		{
			"ImportPath": "github.com/Azure/go-autorest/autorest/date",
			"Rev": "1ff28809256a84bb6966640ff3d0371af82ccba4"
		},
		{
			"ImportPath": "github.com/davecgh/go-spew/spew",
			"Rev": "782f4967f2dc4564575ca782fe2d04090b5faca8"
		},
		{
			"ImportPath": "github.com/dgrijalva/jwt-go",
			"Rev": "01aeca54ebda6e0fbfafd0a524d234159c05ec20"
		},
		{
			"ImportPath": "github.com/docker/spdystream",
			"Rev": "449fdfce4d962303d702fec724ef0ad181c92528"
		},
		{
			"ImportPath": "github.com/docker/spdystream/spdy",
			"Rev": "449fdfce4d962303d702fec724ef0ad181c92528"
		},
		{
			"ImportPath": "github.com/ghodss/yaml",
			"Rev": "73d445a93680fa1a78ae23a5839bad48f32ba1ee"
		},
		{
			"ImportPath": "github.com/gogo/protobuf/proto",
			"Rev": "c0656edd0d9eab7c66d1eb0c568f9039345796f7"
		},
		{
			"ImportPath": "github.com/gogo/protobuf/sortkeys",
			"Rev": "c0656edd0d9eab7c66d1eb0c568f9039345796f7"
		},
		{
			"ImportPath": "github.com/golang/glog",
			"Rev": "44145f04b68cf362d9c4df2182967c2275eaefed"
		},
		{
			"ImportPath": "github.com/golang/groupcache/lru",
			"Rev": "02826c3e79038b59d737d3b1c0a1d937f71a4433"
		},
		{
			"ImportPath": "github.com/golang/protobuf/proto",
			"Rev": "b4deda0973fb4c70b50d226b1af49f3da59f5265"
		},
		{
			"ImportPath": "github.com/golang/protobuf/ptypes",
			"Rev": "b4deda0973fb4c70b50d226b1af49f3da59f5265"
		},
		{
			"ImportPath": "github.com/golang/protobuf/ptypes/any",
			"Rev": "b4deda0973fb4c70b50d226b1af49f3da59f5265"
		},
		{
			"ImportPath": "github.com/golang/protobuf/ptypes/duration",
			"Rev": "b4deda0973fb4c70b50d226b1af49f3da59f5265"
		},
		{
			"ImportPath": "github.com/golang/protobuf/ptypes/timestamp",
			"Rev": "b4deda0973fb4c70b50d226b1af49f3da59f5265"
		},
		{
			"ImportPath": "github.com/google/btree",
			"Rev": "7d79101e329e5a3adf994758c578dab82b90c017"
		},
		{
			"ImportPath": "github.com/google/gofuzz",
			"Rev": "44d81051d367757e1c7c6a5a86423ece9afcf63c"
		},
		{
			"ImportPath": "github.com/googleapis/gnostic/OpenAPIv2",
			"Rev": "0c5108395e2debce0d731cf0287ddf7242066aba"
		},
		{
			"ImportPath": "github.com/googleapis/gnostic/compiler",
			"Rev": "0c5108395e2debce0d731cf0287ddf7242066aba"
		},
		{
			"ImportPath": "github.com/googleapis/gnostic/extensions",
			"Rev": "0c5108395e2debce0d731cf0287ddf7242066aba"
		},
		{
			"ImportPath": "github.com/gophercloud/gophercloud",
			"Rev": "781450b3c4fcb4f5182bcc5133adb4b2e4a09d1d"
		},
		{
			"ImportPath": "github.com/gophercloud/gophercloud/openstack",
			"Rev": "781450b3c4fcb4f5182bcc5133adb4b2e4a09d1d"
		},
		{
			"ImportPath": "github.com/gophercloud/gophercloud/openstack/identity/v2/tenants",
			"Rev": "781450b3c4fcb4f5182bcc5133adb4b2e4a09d1d"
		},
		{
			"ImportPath": "github.com/gophercloud/gophercloud/openstack/identity/v2/tokens",
			"Rev": "781450b3c4fcb4f5182bcc5133adb4b2e4a09d1d"
		},
		{
			"ImportPath": "github.com/gophercloud/gophercloud/openstack/identity/v3/tokens",
			"Rev": "781450b3c4fcb4f5182bcc5133adb4b2e4a09d1d"
		},
		{
			"ImportPath": "github.com/gophercloud/gophercloud/openstack/utils",
			"Rev": "781450b3c4fcb4f5182bcc5133adb4b2e4a09d1d"
		},
		{
			"ImportPath": "github.com/gophercloud/gophercloud/pagination",
			"Rev": "781450b3c4fcb4f5182bcc5133adb4b2e4a09d1d"
		},
		{
			"ImportPath": "github.com/gregjones/httpcache",
			"Rev": "787624de3eb7bd915c329cba748687a3b22666a6"
		},
		{
			"ImportPath": "github.com/gregjones/httpcache/diskcache",
			"Rev": "787624de3eb7bd915c329cba748687a3b22666a6"
		},
		{
			"ImportPath": "github.com/hashicorp/golang-lru",
			"Rev": "a0d98a5f288019575c6d1f4bb1573fef2d1fcdc4"
		},
		{
			"ImportPath": "github.com/hashicorp/golang-lru/simplelru",
			"Rev": "a0d98a5f288019575c6d1f4bb1573fef2d1fcdc4"
		},
		{
			"ImportPath": "github.com/imdario/mergo",
			"Rev": "6633656539c1639d9d78127b7d47c622b5d7b6dc"
		},
		{
			"ImportPath": "github.com/json-iterator/go",
			"Rev": "f2b4162afba35581b6d4a50d3b8f34e33c144682"
		},
		{
			"ImportPath": "github.com/modern-go/concurrent",
			"Rev": "bacd9c7ef1dd9b15be4a9909b8ac7a4e313eec94"
		},
		{
			"ImportPath": "github.com/modern-go/reflect2",
			"Rev": "05fbef0ca5da472bbf96c9322b84a53edc03c9fd"
		},
		{
			"ImportPath": "github.com/peterbourgon/diskv",
			"Rev": "5f041e8faa004a95c88a202771f4cc3e991971e6"
		},
		{
			"ImportPath": "github.com/pmezard/go-difflib/difflib",
			"Rev": "d8ed2627bdf02c080bf22230dbb337003b7aba2d"
		},
		{
			"ImportPath": "github.com/spf13/pflag",
			"Rev": "583c0c0531f06d5278b7d917446061adc344b5cd"
		},
		{
			"ImportPath": "github.com/stretchr/testify/assert",
			"Rev": "c679ae2cc0cb27ec3293fea7e254e47386f05d69"
		},
		{
			"ImportPath": "golang.org/x/crypto/ssh/terminal",
			"Rev": "49796115aa4b964c318aad4f3084fdb41e9aa067"
		},
		{
			"ImportPath": "golang.org/x/net/context",
			"Rev": "1c05540f6879653db88113bc4a2b70aec4bd491f"
		},
		{
			"ImportPath": "golang.org/x/net/context/ctxhttp",
			"Rev": "1c05540f6879653db88113bc4a2b70aec4bd491f"
		},
		{
			"ImportPath": "golang.org/x/net/http2",
			"Rev": "1c05540f6879653db88113bc4a2b70aec4bd491f"
		},
		{
			"ImportPath": "golang.org/x/net/http2/hpack",
			"Rev": "1c05540f6879653db88113bc4a2b70aec4bd491f"
		},
		{
			"ImportPath": "golang.org/x/net/idna",
			"Rev": "1c05540f6879653db88113bc4a2b70aec4bd491f"
		},
		{
			"ImportPath": "golang.org/x/net/lex/httplex",
			"Rev": "1c05540f6879653db88113bc4a2b70aec4bd491f"
		},
		{
			"ImportPath": "golang.org/x/oauth2",
			"Rev": "a6bd8cefa1811bd24b86f8902872e4e8225f74c4"
		},
		{
			"ImportPath": "golang.org/x/oauth2/google",
			"Rev": "a6bd8cefa1811bd24b86f8902872e4e8225f74c4"
		},
		{
			"ImportPath": "golang.org/x/oauth2/internal",
			"Rev": "a6bd8cefa1811bd24b86f8902872e4e8225f74c4"
		},
		{
			"ImportPath": "golang.org/x/oauth2/jws",
			"Rev": "a6bd8cefa1811bd24b86f8902872e4e8225f74c4"
		},
		{
			"ImportPath": "golang.org/x/oauth2/jwt",
			"Rev": "a6bd8cefa1811bd24b86f8902872e4e8225f74c4"
		},
		{
			"ImportPath": "golang.org/x/sys/unix",
			"Rev": "95c6576299259db960f6c5b9b69ea52422860fce"
		},
		{
			"ImportPath": "golang.org/x/sys/windows",
			"Rev": "95c6576299259db960f6c5b9b69ea52422860fce"
		},
		{
			"ImportPath": "golang.org/x/text/secure/bidirule",
			"Rev": "b19bf474d317b857955b12035d2c5acb57ce8b01"
		},
		{
			"ImportPath": "golang.org/x/text/transform",
			"Rev": "b19bf474d317b857955b12035d2c5acb57ce8b01"
		},
		{
			"ImportPath": "golang.org/x/text/unicode/bidi",
			"Rev": "b19bf474d317b857955b12035d2c5acb57ce8b01"
		},
		{
			"ImportPath": "golang.org/x/text/unicode/norm",
			"Rev": "b19bf474d317b857955b12035d2c5acb57ce8b01"
		},
		{
			"ImportPath": "golang.org/x/time/rate",
			"Rev": "f51c12702a4d776e4c1fa9b0fabab841babae631"
		},
		{
			"ImportPath": "gopkg.in/inf.v0",
			"Rev": "3887ee99ecf07df5b447e9b00d9c0b2adaa9f3e4"
		},
		{
			"ImportPath": "gopkg.in/yaml.v2",
			"Rev": "670d4cfef0544295bc27a114dbac37980d83185a"
		},
		{
			"ImportPath": "k8s.io/api/admissionregistration/v1alpha1",
			"Rev": "4e7be11eab3ffcfc1876898b8272df53785a9504"
		},
		{
			"ImportPath": "k8s.io/api/admissionregistration/v1beta1",
			"Rev": "4e7be11eab3ffcfc1876898b8272df53785a9504"
		},
		{
			"ImportPath": "k8s.io/api/apps/v1",
			"Rev": "4e7be11eab3ffcfc1876898b8272df53785a9504"
		},
		{
			"ImportPath": "k8s.io/api/apps/v1beta1",
			"Rev": "4e7be11eab3ffcfc1876898b8272df53785a9504"
		},
		{
			"ImportPath": "k8s.io/api/apps/v1beta2",
			"Rev": "4e7be11eab3ffcfc1876898b8272df53785a9504"
		},
		{
			"ImportPath": "k8s.io/api/authentication/v1",
			"Rev": "4e7be11eab3ffcfc1876898b8272df53785a9504"
		},
		{
			"ImportPath": "k8s.io/api/authentication/v1beta1",
			"Rev": "4e7be11eab3ffcfc1876898b8272df53785a9504"
		},
		{
			"ImportPath": "k8s.io/api/authorization/v1",
			"Rev": "4e7be11eab3ffcfc1876898b8272df53785a9504"
		},
		{
			"ImportPath": "k8s.io/api/authorization/v1beta1",
			"Rev": "4e7be11eab3ffcfc1876898b8272df53785a9504"
		},
		{
			"ImportPath": "k8s.io/api/autoscaling/v1",
			"Rev": "4e7be11eab3ffcfc1876898b8272df53785a9504"
		},
		{
			"ImportPath": "k8s.io/api/autoscaling/v2beta1",
			"Rev": "4e7be11eab3ffcfc1876898b8272df53785a9504"
		},
		{
			"ImportPath": "k8s.io/api/batch/v1",
			"Rev": "4e7be11eab3ffcfc1876898b8272df53785a9504"
		},
		{
			"ImportPath": "k8s.io/api/batch/v1beta1",
			"Rev": "4e7be11eab3ffcfc1876898b8272df53785a9504"
		},
		{
			"ImportPath": "k8s.io/api/batch/v2alpha1",
			"Rev": "4e7be11eab3ffcfc1876898b8272df53785a9504"
		},
		{
			"ImportPath": "k8s.io/api/certificates/v1beta1",
			"Rev": "4e7be11eab3ffcfc1876898b8272df53785a9504"
		},
		{
			"ImportPath": "k8s.io/api/core/v1",
			"Rev": "4e7be11eab3ffcfc1876898b8272df53785a9504"
		},
		{
			"ImportPath": "k8s.io/api/events/v1beta1",
			"Rev": "4e7be11eab3ffcfc1876898b8272df53785a9504"
		},
		{
			"ImportPath": "k8s.io/api/extensions/v1beta1",
			"Rev": "4e7be11eab3ffcfc1876898b8272df53785a9504"
		},
		{
			"ImportPath": "k8s.io/api/imagepolicy/v1alpha1",
			"Rev": "4e7be11eab3ffcfc1876898b8272df53785a9504"
		},
		{
			"ImportPath": "k8s.io/api/networking/v1",
			"Rev": "4e7be11eab3ffcfc1876898b8272df53785a9504"
		},
		{
			"ImportPath": "k8s.io/api/policy/v1beta1",
			"Rev": "4e7be11eab3ffcfc1876898b8272df53785a9504"
		},
		{
			"ImportPath": "k8s.io/api/rbac/v1",
			"Rev": "4e7be11eab3ffcfc1876898b8272df53785a9504"
		},
		{
			"ImportPath": "k8s.io/api/rbac/v1alpha1",
			"Rev": "4e7be11eab3ffcfc1876898b8272df53785a9504"
		},
		{
			"ImportPath": "k8s.io/api/rbac/v1beta1",
			"Rev": "4e7be11eab3ffcfc1876898b8272df53785a9504"
		},
		{
			"ImportPath": "k8s.io/api/scheduling/v1alpha1",
			"Rev": "4e7be11eab3ffcfc1876898b8272df53785a9504"
		},
		{
			"ImportPath": "k8s.io/api/scheduling/v1beta1",
			"Rev": "4e7be11eab3ffcfc1876898b8272df53785a9504"
		},
		{
			"ImportPath": "k8s.io/api/settings/v1alpha1",
			"Rev": "4e7be11eab3ffcfc1876898b8272df53785a9504"
		},
		{
			"ImportPath": "k8s.io/api/storage/v1",
			"Rev": "4e7be11eab3ffcfc1876898b8272df53785a9504"
		},
		{
			"ImportPath": "k8s.io/api/storage/v1alpha1",
			"Rev": "4e7be11eab3ffcfc1876898b8272df53785a9504"
		},
		{
			"ImportPath": "k8s.io/api/storage/v1beta1",
			"Rev": "4e7be11eab3ffcfc1876898b8272df53785a9504"
		},
		{
			"ImportPath": "k8s.io/apimachinery/pkg/api/equality",
			"Rev": "def12e63c512da17043b4f0293f52d1006603d9f"
		},
		{
			"ImportPath": "k8s.io/apimachinery/pkg/api/errors",
			"Rev": "def12e63c512da17043b4f0293f52d1006603d9f"
		},
		{
			"ImportPath": "k8s.io/apimachinery/pkg/api/meta",
			"Rev": "def12e63c512da17043b4f0293f52d1006603d9f"
		},
		{
			"ImportPath": "k8s.io/apimachinery/pkg/api/resource",
			"Rev": "def12e63c512da17043b4f0293f52d1006603d9f"
		},
		{
			"ImportPath": "k8s.io/apimachinery/pkg/api/testing",
			"Rev": "def12e63c512da17043b4f0293f52d1006603d9f"
		},
		{
			"ImportPath": "k8s.io/apimachinery/pkg/api/testing/fuzzer",
			"Rev": "def12e63c512da17043b4f0293f52d1006603d9f"
		},
		{
			"ImportPath": "k8s.io/apimachinery/pkg/api/testing/roundtrip",
			"Rev": "def12e63c512da17043b4f0293f52d1006603d9f"
		},
		{
			"ImportPath": "k8s.io/apimachinery/pkg/apis/meta/fuzzer",
			"Rev": "def12e63c512da17043b4f0293f52d1006603d9f"
		},
		{
			"ImportPath": "k8s.io/apimachinery/pkg/apis/meta/internalversion",
			"Rev": "def12e63c512da17043b4f0293f52d1006603d9f"
		},
		{
			"ImportPath": "k8s.io/apimachinery/pkg/apis/meta/v1",
			"Rev": "def12e63c512da17043b4f0293f52d1006603d9f"
		},
		{
			"ImportPath": "k8s.io/apimachinery/pkg/apis/meta/v1/unstructured",
			"Rev": "def12e63c512da17043b4f0293f52d1006603d9f"
		},
		{
			"ImportPath": "k8s.io/apimachinery/pkg/apis/meta/v1beta1",
			"Rev": "def12e63c512da17043b4f0293f52d1006603d9f"
		},
		{
			"ImportPath": "k8s.io/apimachinery/pkg/conversion",
			"Rev": "def12e63c512da17043b4f0293f52d1006603d9f"
		},
		{
			"ImportPath": "k8s.io/apimachinery/pkg/conversion/queryparams",
			"Rev": "def12e63c512da17043b4f0293f52d1006603d9f"
		},
		{
			"ImportPath": "k8s.io/apimachinery/pkg/fields",
			"Rev": "def12e63c512da17043b4f0293f52d1006603d9f"
		},
		{
			"ImportPath": "k8s.io/apimachinery/pkg/labels",
			"Rev": "def12e63c512da17043b4f0293f52d1006603d9f"
		},
		{
			"ImportPath": "k8s.io/apimachinery/pkg/runtime",
			"Rev": "def12e63c512da17043b4f0293f52d1006603d9f"
		},
		{
			"ImportPath": "k8s.io/apimachinery/pkg/runtime/schema",
			"Rev": "def12e63c512da17043b4f0293f52d1006603d9f"
		},
		{
			"ImportPath": "k8s.io/apimachinery/pkg/runtime/serializer",
			"Rev": "def12e63c512da17043b4f0293f52d1006603d9f"
		},
		{
			"ImportPath": "k8s.io/apimachinery/pkg/runtime/serializer/json",
			"Rev": "def12e63c512da17043b4f0293f52d1006603d9f"
		},
		{
			"ImportPath": "k8s.io/apimachinery/pkg/runtime/serializer/protobuf",
			"Rev": "def12e63c512da17043b4f0293f52d1006603d9f"
		},
		{
			"ImportPath": "k8s.io/apimachinery/pkg/runtime/serializer/recognizer",
			"Rev": "def12e63c512da17043b4f0293f52d1006603d9f"
		},
		{
			"ImportPath": "k8s.io/apimachinery/pkg/runtime/serializer/streaming",
			"Rev": "def12e63c512da17043b4f0293f52d1006603d9f"
		},
		{
			"ImportPath": "k8s.io/apimachinery/pkg/runtime/serializer/versioning",
			"Rev": "def12e63c512da17043b4f0293f52d1006603d9f"
		},
		{
			"ImportPath": "k8s.io/apimachinery/pkg/selection",
			"Rev": "def12e63c512da17043b4f0293f52d1006603d9f"
		},
		{
			"ImportPath": "k8s.io/apimachinery/pkg/types",
			"Rev": "def12e63c512da17043b4f0293f52d1006603d9f"
		},
		{
			"ImportPath": "k8s.io/apimachinery/pkg/util/cache",
			"Rev": "def12e63c512da17043b4f0293f52d1006603d9f"
		},
		{
			"ImportPath": "k8s.io/apimachinery/pkg/util/clock",
			"Rev": "def12e63c512da17043b4f0293f52d1006603d9f"
		},
		{
			"ImportPath": "k8s.io/apimachinery/pkg/util/diff",
			"Rev": "def12e63c512da17043b4f0293f52d1006603d9f"
		},
		{
			"ImportPath": "k8s.io/apimachinery/pkg/util/errors",
			"Rev": "def12e63c512da17043b4f0293f52d1006603d9f"
		},
		{
			"ImportPath": "k8s.io/apimachinery/pkg/util/framer",
			"Rev": "def12e63c512da17043b4f0293f52d1006603d9f"
		},
		{
			"ImportPath": "k8s.io/apimachinery/pkg/util/httpstream",
			"Rev": "def12e63c512da17043b4f0293f52d1006603d9f"
		},
		{
			"ImportPath": "k8s.io/apimachinery/pkg/util/httpstream/spdy",
			"Rev": "def12e63c512da17043b4f0293f52d1006603d9f"
		},
		{
			"ImportPath": "k8s.io/apimachinery/pkg/util/intstr",
			"Rev": "def12e63c512da17043b4f0293f52d1006603d9f"
		},
		{
			"ImportPath": "k8s.io/apimachinery/pkg/util/json",
			"Rev": "def12e63c512da17043b4f0293f52d1006603d9f"
		},
		{
			"ImportPath": "k8s.io/apimachinery/pkg/util/mergepatch",
			"Rev": "def12e63c512da17043b4f0293f52d1006603d9f"
		},
		{
			"ImportPath": "k8s.io/apimachinery/pkg/util/net",
			"Rev": "def12e63c512da17043b4f0293f52d1006603d9f"
		},
		{
			"ImportPath": "k8s.io/apimachinery/pkg/util/remotecommand",
			"Rev": "def12e63c512da17043b4f0293f52d1006603d9f"
		},
		{
			"ImportPath": "k8s.io/apimachinery/pkg/util/runtime",
			"Rev": "def12e63c512da17043b4f0293f52d1006603d9f"
		},
		{
			"ImportPath": "k8s.io/apimachinery/pkg/util/sets",
			"Rev": "def12e63c512da17043b4f0293f52d1006603d9f"
		},
		{
			"ImportPath": "k8s.io/apimachinery/pkg/util/strategicpatch",
			"Rev": "def12e63c512da17043b4f0293f52d1006603d9f"
		},
		{
			"ImportPath": "k8s.io/apimachinery/pkg/util/validation",
			"Rev": "def12e63c512da17043b4f0293f52d1006603d9f"
		},
		{
			"ImportPath": "k8s.io/apimachinery/pkg/util/validation/field",
			"Rev": "def12e63c512da17043b4f0293f52d1006603d9f"
		},
		{
			"ImportPath": "k8s.io/apimachinery/pkg/util/wait",
			"Rev": "def12e63c512da17043b4f0293f52d1006603d9f"
		},
		{
			"ImportPath": "k8s.io/apimachinery/pkg/util/yaml",
			"Rev": "def12e63c512da17043b4f0293f52d1006603d9f"
		},
		{
			"ImportPath": "k8s.io/apimachinery/pkg/version",
			"Rev": "def12e63c512da17043b4f0293f52d1006603d9f"
		},
		{
			"ImportPath": "k8s.io/apimachinery/pkg/watch",
			"Rev": "def12e63c512da17043b4f0293f52d1006603d9f"
		},
		{
			"ImportPath": "k8s.io/apimachinery/third_party/forked/golang/json",
			"Rev": "def12e63c512da17043b4f0293f52d1006603d9f"
		},
		{
			"ImportPath": "k8s.io/apimachinery/third_party/forked/golang/netutil",
			"Rev": "def12e63c512da17043b4f0293f52d1006603d9f"
		},
		{
			"ImportPath": "k8s.io/apimachinery/third_party/forked/golang/reflect",
			"Rev": "def12e63c512da17043b4f0293f52d1006603d9f"
		},
		{
			"ImportPath": "k8s.io/kube-openapi/pkg/util/proto",
			"Rev": "91cfa479c814065e420cee7ed227db0f63a5854e"
		}
	]
}
